dataset,version,library,threads,time
./data/belgium_osm.mtx,v3,openmp,1,0.038720
./data/belgium_osm.mtx,v4,openmp,1,0.065642
./data/belgium_osm.mtx,v3,openmp,2,0.041931
./data/belgium_osm.mtx,v4,openmp,2,0.065567
./data/belgium_osm.mtx,v3,openmp,4,0.040839
./data/belgium_osm.mtx,v4,openmp,4,0.048844
./data/belgium_osm.mtx,v3,openmp,8,0.033137
./data/belgium_osm.mtx,v4,openmp,8,0.039172
./data/belgium_osm.mtx,v3,openmp,16,0.032909
./data/belgium_osm.mtx,v4,openmp,16,0.038066
./data/belgium_osm.mtx,v3,openmp,20,0.032681
./data/belgium_osm.mtx,v4,openmp,20,0.038865
./data/com-Youtube.mtx,v3,openmp,1,6.923062
./data/com-Youtube.mtx,v4,openmp,1,3.909669
./data/com-Youtube.mtx,v3,openmp,2,3.435654
./data/com-Youtube.mtx,v4,openmp,2,1.964777
./data/com-Youtube.mtx,v3,openmp,4,1.766627
./data/com-Youtube.mtx,v4,openmp,4,1.004672
./data/com-Youtube.mtx,v3,openmp,8,1.939058
./data/com-Youtube.mtx,v4,openmp,8,0.820678
./data/com-Youtube.mtx,v3,openmp,16,2.155163
./data/com-Youtube.mtx,v4,openmp,16,0.957312
./data/com-Youtube.mtx,v3,openmp,20,2.280279
./data/com-Youtube.mtx,v4,openmp,20,0.960254
./data/mycielskian13.mtx,v3,openmp,1,2.319330
./data/mycielskian13.mtx,v4,openmp,1,1.111294
./data/mycielskian13.mtx,v3,openmp,2,1.162487
./data/mycielskian13.mtx,v4,openmp,2,0.536658
./data/mycielskian13.mtx,v3,openmp,4,0.605643
./data/mycielskian13.mtx,v4,openmp,4,0.270725
./data/mycielskian13.mtx,v3,openmp,8,0.466809
./data/mycielskian13.mtx,v4,openmp,8,0.235948
./data/mycielskian13.mtx,v3,openmp,16,0.481668
./data/mycielskian13.mtx,v4,openmp,16,0.237201
./data/mycielskian13.mtx,v3,openmp,20,0.468556
./data/mycielskian13.mtx,v4,openmp,20,0.246034
./data/dblp-2010.mtx,v3,openmp,1,0.103918
./data/dblp-2010.mtx,v4,openmp,1,0.107266
./data/dblp-2010.mtx,v3,openmp,2,0.062535
./data/dblp-2010.mtx,v4,openmp,2,0.065716
./data/dblp-2010.mtx,v3,openmp,4,0.037624
./data/dblp-2010.mtx,v4,openmp,4,0.040884
./data/dblp-2010.mtx,v3,openmp,8,0.027083
./data/dblp-2010.mtx,v4,openmp,8,0.032433
./data/dblp-2010.mtx,v3,openmp,16,0.026779
./data/dblp-2010.mtx,v4,openmp,16,0.032323
./data/dblp-2010.mtx,v3,openmp,20,0.027657
./data/dblp-2010.mtx,v4,openmp,20,0.032850
./data/NACA0015.mtx,v3,openmp,1,0.324141
./data/NACA0015.mtx,v4,openmp,1,0.502578
./data/NACA0015.mtx,v3,openmp,2,0.191056
./data/NACA0015.mtx,v4,openmp,2,0.280879
./data/NACA0015.mtx,v3,openmp,4,0.110747
./data/NACA0015.mtx,v4,openmp,4,0.192681
./data/NACA0015.mtx,v3,openmp,8,0.071199
./data/NACA0015.mtx,v4,openmp,8,0.115911
./data/NACA0015.mtx,v3,openmp,16,0.082511
./data/NACA0015.mtx,v4,openmp,16,0.131552
./data/NACA0015.mtx,v3,openmp,20,0.074315
./data/NACA0015.mtx,v4,openmp,20,0.128633
./data/belgium_osm.mtx,v3,openmp,1,0.037881
./data/belgium_osm.mtx,v4,openmp,1,0.066787
./data/belgium_osm.mtx,v3,openmp,2,0.043564
./data/belgium_osm.mtx,v4,openmp,2,0.065641
./data/belgium_osm.mtx,v3,openmp,4,0.040891
./data/belgium_osm.mtx,v4,openmp,4,0.049217
./data/belgium_osm.mtx,v3,openmp,8,0.032328
./data/belgium_osm.mtx,v4,openmp,8,0.038146
./data/belgium_osm.mtx,v3,openmp,16,0.032265
./data/belgium_osm.mtx,v4,openmp,16,0.038218
./data/belgium_osm.mtx,v3,openmp,20,0.032506
./data/belgium_osm.mtx,v4,openmp,20,0.038208
./data/com-Youtube.mtx,v3,openmp,1,6.866578
./data/com-Youtube.mtx,v4,openmp,1,3.926323
./data/com-Youtube.mtx,v3,openmp,2,3.464705
./data/com-Youtube.mtx,v4,openmp,2,1.986781
./data/com-Youtube.mtx,v3,openmp,4,1.756357
./data/com-Youtube.mtx,v4,openmp,4,0.988344
./data/com-Youtube.mtx,v3,openmp,8,1.970762
./data/com-Youtube.mtx,v4,openmp,8,0.832402
./data/com-Youtube.mtx,v3,openmp,16,2.191733
./data/com-Youtube.mtx,v4,openmp,16,0.993995
./data/com-Youtube.mtx,v3,openmp,20,2.224043
./data/com-Youtube.mtx,v4,openmp,20,0.992113
./data/mycielskian13.mtx,v3,openmp,1,2.339358
./data/mycielskian13.mtx,v4,openmp,1,1.130487
./data/mycielskian13.mtx,v3,openmp,2,1.181021
./data/mycielskian13.mtx,v4,openmp,2,0.559757
./data/mycielskian13.mtx,v3,openmp,4,0.584009
./data/mycielskian13.mtx,v4,openmp,4,0.273875
./data/mycielskian13.mtx,v3,openmp,8,0.502490
./data/mycielskian13.mtx,v4,openmp,8,0.276406
./data/mycielskian13.mtx,v3,openmp,16,0.508899
./data/mycielskian13.mtx,v4,openmp,16,0.246504
./data/mycielskian13.mtx,v3,openmp,20,0.514509
./data/mycielskian13.mtx,v4,openmp,20,0.257141
./data/dblp-2010.mtx,v3,openmp,1,0.110153
./data/dblp-2010.mtx,v4,openmp,1,0.127351
./data/dblp-2010.mtx,v3,openmp,2,0.063722
./data/dblp-2010.mtx,v4,openmp,2,0.067640
./data/dblp-2010.mtx,v3,openmp,4,0.037953
./data/dblp-2010.mtx,v4,openmp,4,0.041711
./data/dblp-2010.mtx,v3,openmp,8,0.026691
./data/dblp-2010.mtx,v4,openmp,8,0.046454
./data/dblp-2010.mtx,v3,openmp,16,0.026645
./data/dblp-2010.mtx,v4,openmp,16,0.032348
./data/dblp-2010.mtx,v3,openmp,20,0.026527
./data/dblp-2010.mtx,v4,openmp,20,0.032568
./data/NACA0015.mtx,v3,openmp,1,0.373014
./data/NACA0015.mtx,v4,openmp,1,0.521823
./data/NACA0015.mtx,v3,openmp,2,0.191200
./data/NACA0015.mtx,v4,openmp,2,0.288638
./data/NACA0015.mtx,v3,openmp,4,0.125089
./data/NACA0015.mtx,v4,openmp,4,0.183987
./data/NACA0015.mtx,v3,openmp,8,0.075115
./data/NACA0015.mtx,v4,openmp,8,0.130806
./data/NACA0015.mtx,v3,openmp,16,0.075481
./data/NACA0015.mtx,v4,openmp,16,0.122555
./data/NACA0015.mtx,v3,openmp,20,0.075149
./data/NACA0015.mtx,v4,openmp,20,0.125705
./data/belgium_osm.mtx,v3,openmp,1,0.039425
./data/belgium_osm.mtx,v4,openmp,1,0.060698
./data/belgium_osm.mtx,v3,openmp,2,0.048352
./data/belgium_osm.mtx,v4,openmp,2,0.067987
./data/belgium_osm.mtx,v3,openmp,4,0.039479
./data/belgium_osm.mtx,v4,openmp,4,0.047826
./data/belgium_osm.mtx,v3,openmp,8,0.032933
./data/belgium_osm.mtx,v4,openmp,8,0.039622
./data/belgium_osm.mtx,v3,openmp,16,0.032485
./data/belgium_osm.mtx,v4,openmp,16,0.038230
./data/belgium_osm.mtx,v3,openmp,20,0.032679
./data/belgium_osm.mtx,v4,openmp,20,0.038243
./data/com-Youtube.mtx,v3,openmp,1,7.059305
./data/com-Youtube.mtx,v4,openmp,1,3.922259
./data/com-Youtube.mtx,v3,openmp,2,3.485167
./data/com-Youtube.mtx,v4,openmp,2,2.038126
./data/com-Youtube.mtx,v3,openmp,4,1.956023
./data/com-Youtube.mtx,v4,openmp,4,0.992360
./data/com-Youtube.mtx,v3,openmp,8,1.974835
./data/com-Youtube.mtx,v4,openmp,8,0.947066
./data/com-Youtube.mtx,v3,openmp,16,2.374266
./data/com-Youtube.mtx,v4,openmp,16,0.962849
./data/com-Youtube.mtx,v3,openmp,20,2.303501
./data/com-Youtube.mtx,v4,openmp,20,1.067823
./data/mycielskian13.mtx,v3,openmp,1,2.393549
./data/mycielskian13.mtx,v4,openmp,1,1.120907
./data/mycielskian13.mtx,v3,openmp,2,1.156498
./data/mycielskian13.mtx,v4,openmp,2,0.545477
./data/mycielskian13.mtx,v3,openmp,4,0.581239
./data/mycielskian13.mtx,v4,openmp,4,0.270253
./data/mycielskian13.mtx,v3,openmp,8,0.476213
./data/mycielskian13.mtx,v4,openmp,8,0.237978
./data/mycielskian13.mtx,v3,openmp,16,0.467960
./data/mycielskian13.mtx,v4,openmp,16,0.234515
./data/mycielskian13.mtx,v3,openmp,20,0.468463
./data/mycielskian13.mtx,v4,openmp,20,0.234073
./data/dblp-2010.mtx,v3,openmp,1,0.104127
./data/dblp-2010.mtx,v4,openmp,1,0.110116
./data/dblp-2010.mtx,v3,openmp,2,0.061911
./data/dblp-2010.mtx,v4,openmp,2,0.064253
./data/dblp-2010.mtx,v3,openmp,4,0.037381
./data/dblp-2010.mtx,v4,openmp,4,0.041244
./data/dblp-2010.mtx,v3,openmp,8,0.026431
./data/dblp-2010.mtx,v4,openmp,8,0.032402
./data/dblp-2010.mtx,v3,openmp,16,0.026959
./data/dblp-2010.mtx,v4,openmp,16,0.031971
./data/dblp-2010.mtx,v3,openmp,20,0.026712
./data/dblp-2010.mtx,v4,openmp,20,0.032158
./data/NACA0015.mtx,v3,openmp,1,0.328419
./data/NACA0015.mtx,v4,openmp,1,0.494467
./data/NACA0015.mtx,v3,openmp,2,0.190404
./data/NACA0015.mtx,v4,openmp,2,0.283956
./data/NACA0015.mtx,v3,openmp,4,0.112926
./data/NACA0015.mtx,v4,openmp,4,0.173828
./data/NACA0015.mtx,v3,openmp,8,0.073678
./data/NACA0015.mtx,v4,openmp,8,0.116317
./data/NACA0015.mtx,v3,openmp,16,0.073680
./data/NACA0015.mtx,v4,openmp,16,0.115666
./data/NACA0015.mtx,v3,openmp,20,0.073830
./data/NACA0015.mtx,v4,openmp,20,0.115742
./data/belgium_osm.mtx,v3,openmp,1,0.037362
./data/belgium_osm.mtx,v4,openmp,1,0.060497
./data/belgium_osm.mtx,v3,openmp,2,0.043690
./data/belgium_osm.mtx,v4,openmp,2,0.065993
./data/belgium_osm.mtx,v3,openmp,4,0.040813
./data/belgium_osm.mtx,v4,openmp,4,0.048881
./data/belgium_osm.mtx,v3,openmp,8,0.032417
./data/belgium_osm.mtx,v4,openmp,8,0.038106
./data/belgium_osm.mtx,v3,openmp,16,0.032657
./data/belgium_osm.mtx,v4,openmp,16,0.038188
./data/belgium_osm.mtx,v3,openmp,20,0.032312
./data/belgium_osm.mtx,v4,openmp,20,0.038133
./data/com-Youtube.mtx,v3,openmp,1,6.899534
./data/com-Youtube.mtx,v4,openmp,1,3.891048
./data/com-Youtube.mtx,v3,openmp,2,3.430306
./data/com-Youtube.mtx,v4,openmp,2,1.965965
./data/com-Youtube.mtx,v3,openmp,4,1.710519
./data/com-Youtube.mtx,v4,openmp,4,0.985935
./data/com-Youtube.mtx,v3,openmp,8,1.950074
./data/com-Youtube.mtx,v4,openmp,8,0.825675
./data/com-Youtube.mtx,v3,openmp,16,2.170440
./data/com-Youtube.mtx,v4,openmp,16,0.865287
./data/com-Youtube.mtx,v3,openmp,20,2.166498
./data/com-Youtube.mtx,v4,openmp,20,1.002356
./data/mycielskian13.mtx,v3,openmp,1,2.308896
./data/mycielskian13.mtx,v4,openmp,1,1.089558
./data/mycielskian13.mtx,v3,openmp,2,1.151961
./data/mycielskian13.mtx,v4,openmp,2,0.542179
./data/mycielskian13.mtx,v3,openmp,4,0.580292
./data/mycielskian13.mtx,v4,openmp,4,0.271147
./data/mycielskian13.mtx,v3,openmp,8,0.482838
./data/mycielskian13.mtx,v4,openmp,8,0.237479
./data/mycielskian13.mtx,v3,openmp,16,0.465962
./data/mycielskian13.mtx,v4,openmp,16,0.234743
./data/mycielskian13.mtx,v3,openmp,20,0.466812
./data/mycielskian13.mtx,v4,openmp,20,0.233349
./data/dblp-2010.mtx,v3,openmp,1,0.108734
./data/dblp-2010.mtx,v4,openmp,1,0.106059
./data/dblp-2010.mtx,v3,openmp,2,0.061942
./data/dblp-2010.mtx,v4,openmp,2,0.064294
./data/dblp-2010.mtx,v3,openmp,4,0.037381
./data/dblp-2010.mtx,v4,openmp,4,0.041071
./data/dblp-2010.mtx,v3,openmp,8,0.026302
./data/dblp-2010.mtx,v4,openmp,8,0.045207
./data/dblp-2010.mtx,v3,openmp,16,0.027384
./data/dblp-2010.mtx,v4,openmp,16,0.032107
./data/dblp-2010.mtx,v3,openmp,20,0.026568
./data/dblp-2010.mtx,v4,openmp,20,0.032188
./data/NACA0015.mtx,v3,openmp,1,0.326576
./data/NACA0015.mtx,v4,openmp,1,0.492337
./data/NACA0015.mtx,v3,openmp,2,0.192478
./data/NACA0015.mtx,v4,openmp,2,0.287903
./data/NACA0015.mtx,v3,openmp,4,0.113026
./data/NACA0015.mtx,v4,openmp,4,0.168625
./data/NACA0015.mtx,v3,openmp,8,0.072684
./data/NACA0015.mtx,v4,openmp,8,0.115667
./data/NACA0015.mtx,v3,openmp,16,0.074817
./data/NACA0015.mtx,v4,openmp,16,0.119670
./data/NACA0015.mtx,v3,openmp,20,0.073865
./data/NACA0015.mtx,v4,openmp,20,0.116320
./data/belgium_osm.mtx,v3,openmp,1,0.037723
./data/belgium_osm.mtx,v4,openmp,1,0.061141
./data/belgium_osm.mtx,v3,openmp,2,0.046651
./data/belgium_osm.mtx,v4,openmp,2,0.066236
./data/belgium_osm.mtx,v3,openmp,4,0.043676
./data/belgium_osm.mtx,v4,openmp,4,0.049246
./data/belgium_osm.mtx,v3,openmp,8,0.032115
./data/belgium_osm.mtx,v4,openmp,8,0.037723
./data/belgium_osm.mtx,v3,openmp,16,0.032433
./data/belgium_osm.mtx,v4,openmp,16,0.038031
./data/belgium_osm.mtx,v3,openmp,20,0.032632
./data/belgium_osm.mtx,v4,openmp,20,0.037760
./data/com-Youtube.mtx,v3,openmp,1,6.867529
./data/com-Youtube.mtx,v4,openmp,1,3.896878
./data/com-Youtube.mtx,v3,openmp,2,3.437804
./data/com-Youtube.mtx,v4,openmp,2,1.967788
./data/com-Youtube.mtx,v3,openmp,4,1.726041
./data/com-Youtube.mtx,v4,openmp,4,0.998866
./data/com-Youtube.mtx,v3,openmp,8,1.949016
./data/com-Youtube.mtx,v4,openmp,8,0.817054
./data/com-Youtube.mtx,v3,openmp,16,2.136808
./data/com-Youtube.mtx,v4,openmp,16,0.946283
./data/com-Youtube.mtx,v3,openmp,20,2.230191
./data/com-Youtube.mtx,v4,openmp,20,0.987484
./data/mycielskian13.mtx,v3,openmp,1,2.307256
./data/mycielskian13.mtx,v4,openmp,1,1.099337
./data/mycielskian13.mtx,v3,openmp,2,1.154239
./data/mycielskian13.mtx,v4,openmp,2,0.537137
./data/mycielskian13.mtx,v3,openmp,4,0.582082
./data/mycielskian13.mtx,v4,openmp,4,0.270108
./data/mycielskian13.mtx,v3,openmp,8,0.467833
./data/mycielskian13.mtx,v4,openmp,8,0.236463
./data/mycielskian13.mtx,v3,openmp,16,0.472416
./data/mycielskian13.mtx,v4,openmp,16,0.237561
./data/mycielskian13.mtx,v3,openmp,20,0.467250
./data/mycielskian13.mtx,v4,openmp,20,0.234749
./data/dblp-2010.mtx,v3,openmp,1,0.104229
./data/dblp-2010.mtx,v4,openmp,1,0.105775
./data/dblp-2010.mtx,v3,openmp,2,0.061926
./data/dblp-2010.mtx,v4,openmp,2,0.067044
./data/dblp-2010.mtx,v3,openmp,4,0.037444
./data/dblp-2010.mtx,v4,openmp,4,0.041257
./data/dblp-2010.mtx,v3,openmp,8,0.026325
./data/dblp-2010.mtx,v4,openmp,8,0.033479
./data/dblp-2010.mtx,v3,openmp,16,0.026563
./data/dblp-2010.mtx,v4,openmp,16,0.032048
./data/dblp-2010.mtx,v3,openmp,20,0.026613
./data/dblp-2010.mtx,v4,openmp,20,0.032143
./data/NACA0015.mtx,v3,openmp,1,0.332491
./data/NACA0015.mtx,v4,openmp,1,0.541523
./data/NACA0015.mtx,v3,openmp,2,0.228966
./data/NACA0015.mtx,v4,openmp,2,0.339051
./data/NACA0015.mtx,v3,openmp,4,0.113821
./data/NACA0015.mtx,v4,openmp,4,0.169403
./data/NACA0015.mtx,v3,openmp,8,0.077279
./data/NACA0015.mtx,v4,openmp,8,0.116147
./data/NACA0015.mtx,v3,openmp,16,0.074587
./data/NACA0015.mtx,v4,openmp,16,0.115869
./data/NACA0015.mtx,v3,openmp,20,0.075154
./data/NACA0015.mtx,v4,openmp,20,0.116496
./data/belgium_osm.mtx,v3,cilk,1,0.021548
./data/belgium_osm.mtx,v4,cilk,1,0.044156
./data/belgium_osm.mtx,v3,cilk,2,0.011480
./data/belgium_osm.mtx,v4,cilk,2,0.021321
./data/belgium_osm.mtx,v3,cilk,4,0.006044
./data/belgium_osm.mtx,v4,cilk,4,0.011152
./data/belgium_osm.mtx,v3,cilk,8,0.004369
./data/belgium_osm.mtx,v4,cilk,8,0.006838
./data/belgium_osm.mtx,v3,cilk,16,0.004174
./data/belgium_osm.mtx,v4,cilk,16,0.020104
./data/belgium_osm.mtx,v3,cilk,20,0.004206
./data/belgium_osm.mtx,v4,cilk,20,0.024412
./data/com-Youtube.mtx,v3,cilk,1,7.279570
./data/com-Youtube.mtx,v4,cilk,1,3.433544
./data/com-Youtube.mtx,v3,cilk,2,3.628530
./data/com-Youtube.mtx,v4,cilk,2,1.714278
./data/com-Youtube.mtx,v3,cilk,4,2.677640
./data/com-Youtube.mtx,v4,cilk,4,0.940930
./data/com-Youtube.mtx,v3,cilk,8,3.050856
./data/com-Youtube.mtx,v4,cilk,8,1.015571
./data/com-Youtube.mtx,v3,cilk,16,3.317740
./data/com-Youtube.mtx,v4,cilk,16,1.078519
./data/com-Youtube.mtx,v3,cilk,20,3.396528
./data/com-Youtube.mtx,v4,cilk,20,1.162719
./data/mycielskian13.mtx,v3,cilk,1,2.625640
./data/mycielskian13.mtx,v4,cilk,1,0.856998
./data/mycielskian13.mtx,v3,cilk,2,1.318852
./data/mycielskian13.mtx,v4,cilk,2,0.439551
./data/mycielskian13.mtx,v3,cilk,4,0.795273
./data/mycielskian13.mtx,v4,cilk,4,0.236720
./data/mycielskian13.mtx,v3,cilk,8,0.700245
./data/mycielskian13.mtx,v4,cilk,8,0.214249
./data/mycielskian13.mtx,v3,cilk,16,0.646601
./data/mycielskian13.mtx,v4,cilk,16,0.242357
./data/mycielskian13.mtx,v3,cilk,20,0.620815
./data/mycielskian13.mtx,v4,cilk,20,0.222862
./data/dblp-2010.mtx,v3,cilk,1,0.106092
./data/dblp-2010.mtx,v4,cilk,1,0.095879
./data/dblp-2010.mtx,v3,cilk,2,0.052636
./data/dblp-2010.mtx,v4,cilk,2,0.051450
./data/dblp-2010.mtx,v3,cilk,4,0.040269
./data/dblp-2010.mtx,v4,cilk,4,0.033131
./data/dblp-2010.mtx,v3,cilk,8,0.019293
./data/dblp-2010.mtx,v4,cilk,8,0.018791
./data/dblp-2010.mtx,v3,cilk,16,0.026346
./data/dblp-2010.mtx,v4,cilk,16,0.026089
./data/dblp-2010.mtx,v3,cilk,20,0.025964
./data/dblp-2010.mtx,v4,cilk,20,0.030732
./data/NACA0015.mtx,v3,cilk,1,0.303001
./data/NACA0015.mtx,v4,cilk,1,0.450845
./data/NACA0015.mtx,v3,cilk,2,0.154772
./data/NACA0015.mtx,v4,cilk,2,0.228724
./data/NACA0015.mtx,v3,cilk,4,0.092216
./data/NACA0015.mtx,v4,cilk,4,0.125701
./data/NACA0015.mtx,v3,cilk,8,0.050977
./data/NACA0015.mtx,v4,cilk,8,0.082589
./data/NACA0015.mtx,v3,cilk,16,0.058115
./data/NACA0015.mtx,v4,cilk,16,0.092119
./data/NACA0015.mtx,v3,cilk,20,0.060178
./data/NACA0015.mtx,v4,cilk,20,0.090057
./data/belgium_osm.mtx,v3,cilk,1,0.021702
./data/belgium_osm.mtx,v4,cilk,1,0.041325
./data/belgium_osm.mtx,v3,cilk,2,0.011493
./data/belgium_osm.mtx,v4,cilk,2,0.021574
./data/belgium_osm.mtx,v3,cilk,4,0.005855
./data/belgium_osm.mtx,v4,cilk,4,0.011132
./data/belgium_osm.mtx,v3,cilk,8,0.004080
./data/belgium_osm.mtx,v4,cilk,8,0.020518
./data/belgium_osm.mtx,v3,cilk,16,0.006362
./data/belgium_osm.mtx,v4,cilk,16,0.013788
./data/belgium_osm.mtx,v3,cilk,20,0.004060
./data/belgium_osm.mtx,v4,cilk,20,0.023355
./data/com-Youtube.mtx,v3,cilk,1,7.237418
./data/com-Youtube.mtx,v4,cilk,1,3.458894
./data/com-Youtube.mtx,v3,cilk,2,3.616396
./data/com-Youtube.mtx,v4,cilk,2,1.713003
./data/com-Youtube.mtx,v3,cilk,4,2.628679
./data/com-Youtube.mtx,v4,cilk,4,0.945999
./data/com-Youtube.mtx,v3,cilk,8,3.019242
./data/com-Youtube.mtx,v4,cilk,8,1.004638
./data/com-Youtube.mtx,v3,cilk,16,3.341978
./data/com-Youtube.mtx,v4,cilk,16,1.077091
./data/com-Youtube.mtx,v3,cilk,20,3.433488
./data/com-Youtube.mtx,v4,cilk,20,1.180108
./data/mycielskian13.mtx,v3,cilk,1,2.660951
./data/mycielskian13.mtx,v4,cilk,1,0.886145
./data/mycielskian13.mtx,v3,cilk,2,1.358984
./data/mycielskian13.mtx,v4,cilk,2,0.438579
./data/mycielskian13.mtx,v3,cilk,4,0.747414
./data/mycielskian13.mtx,v4,cilk,4,0.239775
./data/mycielskian13.mtx,v3,cilk,8,0.699731
./data/mycielskian13.mtx,v4,cilk,8,0.219578
./data/mycielskian13.mtx,v3,cilk,16,0.609939
./data/mycielskian13.mtx,v4,cilk,16,0.220047
./data/mycielskian13.mtx,v3,cilk,20,0.604603
./data/mycielskian13.mtx,v4,cilk,20,0.226412
./data/dblp-2010.mtx,v3,cilk,1,0.106360
./data/dblp-2010.mtx,v4,cilk,1,0.095967
./data/dblp-2010.mtx,v3,cilk,2,0.052801
./data/dblp-2010.mtx,v4,cilk,2,0.048950
./data/dblp-2010.mtx,v3,cilk,4,0.039497
./data/dblp-2010.mtx,v4,cilk,4,0.034878
./data/dblp-2010.mtx,v3,cilk,8,0.020620
./data/dblp-2010.mtx,v4,cilk,8,0.022456
./data/dblp-2010.mtx,v3,cilk,16,0.022856
./data/dblp-2010.mtx,v4,cilk,16,0.028036
./data/dblp-2010.mtx,v3,cilk,20,0.035901
./data/dblp-2010.mtx,v4,cilk,20,0.033671
./data/NACA0015.mtx,v3,cilk,1,0.294875
./data/NACA0015.mtx,v4,cilk,1,0.449595
./data/NACA0015.mtx,v3,cilk,2,0.152793
./data/NACA0015.mtx,v4,cilk,2,0.227452
./data/NACA0015.mtx,v3,cilk,4,0.093945
./data/NACA0015.mtx,v4,cilk,4,0.120949
./data/NACA0015.mtx,v3,cilk,8,0.050386
./data/NACA0015.mtx,v4,cilk,8,0.081449
./data/NACA0015.mtx,v3,cilk,16,0.058505
./data/NACA0015.mtx,v4,cilk,16,0.100464
./data/NACA0015.mtx,v3,cilk,20,0.056868
./data/NACA0015.mtx,v4,cilk,20,0.094069
./data/belgium_osm.mtx,v3,cilk,1,0.021449
./data/belgium_osm.mtx,v4,cilk,1,0.042074
./data/belgium_osm.mtx,v3,cilk,2,0.011619
./data/belgium_osm.mtx,v4,cilk,2,0.025568
./data/belgium_osm.mtx,v3,cilk,4,0.005967
./data/belgium_osm.mtx,v4,cilk,4,0.011304
./data/belgium_osm.mtx,v3,cilk,8,0.004162
./data/belgium_osm.mtx,v4,cilk,8,0.018459
./data/belgium_osm.mtx,v3,cilk,16,0.004124
./data/belgium_osm.mtx,v4,cilk,16,0.045284
./data/belgium_osm.mtx,v3,cilk,20,0.004347
./data/belgium_osm.mtx,v4,cilk,20,0.015710
./data/com-Youtube.mtx,v3,cilk,1,7.211922
./data/com-Youtube.mtx,v4,cilk,1,3.444248
./data/com-Youtube.mtx,v3,cilk,2,3.608272
./data/com-Youtube.mtx,v4,cilk,2,1.715463
./data/com-Youtube.mtx,v3,cilk,4,2.675344
./data/com-Youtube.mtx,v4,cilk,4,0.905491
./data/com-Youtube.mtx,v3,cilk,8,3.031238
./data/com-Youtube.mtx,v4,cilk,8,1.075569
./data/com-Youtube.mtx,v3,cilk,16,3.285280
./data/com-Youtube.mtx,v4,cilk,16,1.153165
./data/com-Youtube.mtx,v3,cilk,20,3.534514
./data/com-Youtube.mtx,v4,cilk,20,1.248025
./data/mycielskian13.mtx,v3,cilk,1,2.675640
./data/mycielskian13.mtx,v4,cilk,1,0.871475
./data/mycielskian13.mtx,v3,cilk,2,1.317772
./data/mycielskian13.mtx,v4,cilk,2,0.440244
./data/mycielskian13.mtx,v3,cilk,4,0.803811
./data/mycielskian13.mtx,v4,cilk,4,0.269015
./data/mycielskian13.mtx,v3,cilk,8,0.807343
./data/mycielskian13.mtx,v4,cilk,8,0.218654
./data/mycielskian13.mtx,v3,cilk,16,0.625124
./data/mycielskian13.mtx,v4,cilk,16,0.242371
./data/mycielskian13.mtx,v3,cilk,20,0.607599
./data/mycielskian13.mtx,v4,cilk,20,0.243610
./data/dblp-2010.mtx,v3,cilk,1,0.107407
./data/dblp-2010.mtx,v4,cilk,1,0.097157
./data/dblp-2010.mtx,v3,cilk,2,0.053134
./data/dblp-2010.mtx,v4,cilk,2,0.049059
./data/dblp-2010.mtx,v3,cilk,4,0.033572
./data/dblp-2010.mtx,v4,cilk,4,0.029575
./data/dblp-2010.mtx,v3,cilk,8,0.024172
./data/dblp-2010.mtx,v4,cilk,8,0.021687
./data/dblp-2010.mtx,v3,cilk,16,0.029013
./data/dblp-2010.mtx,v4,cilk,16,0.035655
./data/dblp-2010.mtx,v3,cilk,20,0.028067
./data/dblp-2010.mtx,v4,cilk,20,0.033410
./data/NACA0015.mtx,v3,cilk,1,0.305333
./data/NACA0015.mtx,v4,cilk,1,0.494032
./data/NACA0015.mtx,v3,cilk,2,0.161965
./data/NACA0015.mtx,v4,cilk,2,0.235578
./data/NACA0015.mtx,v3,cilk,4,0.088433
./data/NACA0015.mtx,v4,cilk,4,0.122803
./data/NACA0015.mtx,v3,cilk,8,0.050950
./data/NACA0015.mtx,v4,cilk,8,0.083813
./data/NACA0015.mtx,v3,cilk,16,0.060168
./data/NACA0015.mtx,v4,cilk,16,0.093684
./data/NACA0015.mtx,v3,cilk,20,0.068610
./data/NACA0015.mtx,v4,cilk,20,0.096815
./data/belgium_osm.mtx,v3,cilk,1,0.025109
./data/belgium_osm.mtx,v4,cilk,1,0.045209
./data/belgium_osm.mtx,v3,cilk,2,0.012406
./data/belgium_osm.mtx,v4,cilk,2,0.022387
./data/belgium_osm.mtx,v3,cilk,4,0.007924
./data/belgium_osm.mtx,v4,cilk,4,0.014127
./data/belgium_osm.mtx,v3,cilk,8,0.004157
./data/belgium_osm.mtx,v4,cilk,8,0.020994
./data/belgium_osm.mtx,v3,cilk,16,0.004164
./data/belgium_osm.mtx,v4,cilk,16,0.014515
./data/belgium_osm.mtx,v3,cilk,20,0.005538
./data/belgium_osm.mtx,v4,cilk,20,0.030859
./data/com-Youtube.mtx,v3,cilk,1,7.346573
./data/com-Youtube.mtx,v4,cilk,1,3.457044
./data/com-Youtube.mtx,v3,cilk,2,3.675496
./data/com-Youtube.mtx,v4,cilk,2,1.726820
./data/com-Youtube.mtx,v3,cilk,4,2.802462
./data/com-Youtube.mtx,v4,cilk,4,0.930601
./data/com-Youtube.mtx,v3,cilk,8,3.209792
./data/com-Youtube.mtx,v4,cilk,8,1.015926
./data/com-Youtube.mtx,v3,cilk,16,3.359290
./data/com-Youtube.mtx,v4,cilk,16,1.095460
./data/com-Youtube.mtx,v3,cilk,20,3.374448
./data/com-Youtube.mtx,v4,cilk,20,1.171266
./data/mycielskian13.mtx,v3,cilk,1,2.633880
./data/mycielskian13.mtx,v4,cilk,1,0.849435
./data/mycielskian13.mtx,v3,cilk,2,1.319340
./data/mycielskian13.mtx,v4,cilk,2,0.442041
./data/mycielskian13.mtx,v3,cilk,4,0.777882
./data/mycielskian13.mtx,v4,cilk,4,0.232101
./data/mycielskian13.mtx,v3,cilk,8,0.691980
./data/mycielskian13.mtx,v4,cilk,8,0.224056
./data/mycielskian13.mtx,v3,cilk,16,0.745724
./data/mycielskian13.mtx,v4,cilk,16,0.215833
./data/mycielskian13.mtx,v3,cilk,20,0.632065
./data/mycielskian13.mtx,v4,cilk,20,0.214064
./data/dblp-2010.mtx,v3,cilk,1,0.106484
./data/dblp-2010.mtx,v4,cilk,1,0.096783
./data/dblp-2010.mtx,v3,cilk,2,0.053087
./data/dblp-2010.mtx,v4,cilk,2,0.051079
./data/dblp-2010.mtx,v3,cilk,4,0.036715
./data/dblp-2010.mtx,v4,cilk,4,0.034086
./data/dblp-2010.mtx,v3,cilk,8,0.023804
./data/dblp-2010.mtx,v4,cilk,8,0.019891
./data/dblp-2010.mtx,v3,cilk,16,0.024598
./data/dblp-2010.mtx,v4,cilk,16,0.024098
./data/dblp-2010.mtx,v3,cilk,20,0.025684
./data/dblp-2010.mtx,v4,cilk,20,0.034530
./data/NACA0015.mtx,v3,cilk,1,0.305150
./data/NACA0015.mtx,v4,cilk,1,0.451586
./data/NACA0015.mtx,v3,cilk,2,0.154928
./data/NACA0015.mtx,v4,cilk,2,0.233003
./data/NACA0015.mtx,v3,cilk,4,0.090536
./data/NACA0015.mtx,v4,cilk,4,0.119555
./data/NACA0015.mtx,v3,cilk,8,0.050583
./data/NACA0015.mtx,v4,cilk,8,0.084231
./data/NACA0015.mtx,v3,cilk,16,0.055400
./data/NACA0015.mtx,v4,cilk,16,0.087155
./data/NACA0015.mtx,v3,cilk,20,0.060928
./data/NACA0015.mtx,v4,cilk,20,0.098601
./data/belgium_osm.mtx,v3,cilk,1,0.022137
./data/belgium_osm.mtx,v4,cilk,1,0.041117
./data/belgium_osm.mtx,v3,cilk,2,0.011746
./data/belgium_osm.mtx,v4,cilk,2,0.023265
./data/belgium_osm.mtx,v3,cilk,4,0.006742
./data/belgium_osm.mtx,v4,cilk,4,0.013439
./data/belgium_osm.mtx,v3,cilk,8,0.004413
./data/belgium_osm.mtx,v4,cilk,8,0.021385
./data/belgium_osm.mtx,v3,cilk,16,0.008211
./data/belgium_osm.mtx,v4,cilk,16,0.018695
./data/belgium_osm.mtx,v3,cilk,20,0.004384
./data/belgium_osm.mtx,v4,cilk,20,0.023886
./data/com-Youtube.mtx,v3,cilk,1,7.360668
./data/com-Youtube.mtx,v4,cilk,1,3.515136
./data/com-Youtube.mtx,v3,cilk,2,3.688542
./data/com-Youtube.mtx,v4,cilk,2,1.752591
./data/com-Youtube.mtx,v3,cilk,4,2.729362
./data/com-Youtube.mtx,v4,cilk,4,0.911391
./data/com-Youtube.mtx,v3,cilk,8,3.084964
./data/com-Youtube.mtx,v4,cilk,8,1.416619
./data/com-Youtube.mtx,v3,cilk,16,3.503760
./data/com-Youtube.mtx,v4,cilk,16,1.263386
./data/com-Youtube.mtx,v3,cilk,20,3.890156
./data/com-Youtube.mtx,v4,cilk,20,1.294743
./data/mycielskian13.mtx,v3,cilk,1,2.724963
./data/mycielskian13.mtx,v4,cilk,1,0.862868
./data/mycielskian13.mtx,v3,cilk,2,1.364349
./data/mycielskian13.mtx,v4,cilk,2,0.595487
./data/mycielskian13.mtx,v3,cilk,4,0.861698
./data/mycielskian13.mtx,v4,cilk,4,0.264207
./data/mycielskian13.mtx,v3,cilk,8,0.692815
./data/mycielskian13.mtx,v4,cilk,8,0.237748
./data/mycielskian13.mtx,v3,cilk,16,0.684664
./data/mycielskian13.mtx,v4,cilk,16,0.218856
./data/mycielskian13.mtx,v3,cilk,20,0.863651
./data/mycielskian13.mtx,v4,cilk,20,0.260809
./data/dblp-2010.mtx,v3,cilk,1,0.106132
./data/dblp-2010.mtx,v4,cilk,1,0.102438
./data/dblp-2010.mtx,v3,cilk,2,0.060696
./data/dblp-2010.mtx,v4,cilk,2,0.050893
./data/dblp-2010.mtx,v3,cilk,4,0.030438
./data/dblp-2010.mtx,v4,cilk,4,0.026046
./data/dblp-2010.mtx,v3,cilk,8,0.020634
./data/dblp-2010.mtx,v4,cilk,8,0.016856
./data/dblp-2010.mtx,v3,cilk,16,0.022612
./data/dblp-2010.mtx,v4,cilk,16,0.018456
./data/dblp-2010.mtx,v3,cilk,20,0.030671
./data/dblp-2010.mtx,v4,cilk,20,0.031596
./data/NACA0015.mtx,v3,cilk,1,0.307351
./data/NACA0015.mtx,v4,cilk,1,0.453601
./data/NACA0015.mtx,v3,cilk,2,0.161730
./data/NACA0015.mtx,v4,cilk,2,0.234274
./data/NACA0015.mtx,v3,cilk,4,0.081918
./data/NACA0015.mtx,v4,cilk,4,0.157074
./data/NACA0015.mtx,v3,cilk,8,0.050715
./data/NACA0015.mtx,v4,cilk,8,0.077873
./data/NACA0015.mtx,v3,cilk,16,0.061509
./data/NACA0015.mtx,v4,cilk,16,0.093335
./data/NACA0015.mtx,v3,cilk,20,0.065544
./data/NACA0015.mtx,v4,cilk,20,0.101849
./data/belgium_osm.mtx,v4,pthreads,1,0.067041
./data/belgium_osm.mtx,v4,pthreads,2,0.148486
./data/belgium_osm.mtx,v4,pthreads,4,0.159788
./data/belgium_osm.mtx,v4,pthreads,8,0.178553
./data/belgium_osm.mtx,v4,pthreads,16,0.184695
./data/belgium_osm.mtx,v4,pthreads,20,0.184250
./data/com-Youtube.mtx,v4,pthreads,1,4.040724
./data/com-Youtube.mtx,v4,pthreads,2,2.105603
./data/com-Youtube.mtx,v4,pthreads,4,1.043483
./data/com-Youtube.mtx,v4,pthreads,8,0.886589
./data/com-Youtube.mtx,v4,pthreads,16,1.073949
./data/com-Youtube.mtx,v4,pthreads,20,0.881828
./data/mycielskian13.mtx,v4,pthreads,1,1.137198
./data/mycielskian13.mtx,v4,pthreads,2,0.544656
./data/mycielskian13.mtx,v4,pthreads,4,0.266735
./data/mycielskian13.mtx,v4,pthreads,8,0.234692
./data/mycielskian13.mtx,v4,pthreads,16,0.262161
./data/mycielskian13.mtx,v4,pthreads,20,0.240303
./data/dblp-2010.mtx,v4,pthreads,1,0.113148
./data/dblp-2010.mtx,v4,pthreads,2,0.076628
./data/dblp-2010.mtx,v4,pthreads,4,0.058207
./data/dblp-2010.mtx,v4,pthreads,8,0.058876
./data/dblp-2010.mtx,v4,pthreads,16,0.058686
./data/dblp-2010.mtx,v4,pthreads,20,0.058419
./data/NACA0015.mtx,v4,pthreads,1,0.519253
./data/NACA0015.mtx,v4,pthreads,2,0.314181
./data/NACA0015.mtx,v4,pthreads,4,0.213194
./data/NACA0015.mtx,v4,pthreads,8,0.184180
./data/NACA0015.mtx,v4,pthreads,16,0.195644
./data/NACA0015.mtx,v4,pthreads,20,0.185854
./data/belgium_osm.mtx,v4,pthreads,1,0.061155
./data/belgium_osm.mtx,v4,pthreads,2,0.148649
./data/belgium_osm.mtx,v4,pthreads,4,0.144928
./data/belgium_osm.mtx,v4,pthreads,8,0.191839
./data/belgium_osm.mtx,v4,pthreads,16,0.180006
./data/belgium_osm.mtx,v4,pthreads,20,0.185367
./data/com-Youtube.mtx,v4,pthreads,1,4.022463
./data/com-Youtube.mtx,v4,pthreads,2,2.033011
./data/com-Youtube.mtx,v4,pthreads,4,1.066244
./data/com-Youtube.mtx,v4,pthreads,8,0.903343
./data/com-Youtube.mtx,v4,pthreads,16,0.949468
./data/com-Youtube.mtx,v4,pthreads,20,1.016416
./data/mycielskian13.mtx,v4,pthreads,1,1.115512
./data/mycielskian13.mtx,v4,pthreads,2,0.569930
./data/mycielskian13.mtx,v4,pthreads,4,0.375369
./data/mycielskian13.mtx,v4,pthreads,8,0.230361
./data/mycielskian13.mtx,v4,pthreads,16,0.229815
./data/mycielskian13.mtx,v4,pthreads,20,0.233957
./data/dblp-2010.mtx,v4,pthreads,1,0.105961
./data/dblp-2010.mtx,v4,pthreads,2,0.080574
./data/dblp-2010.mtx,v4,pthreads,4,0.060928
./data/dblp-2010.mtx,v4,pthreads,8,0.062235
./data/dblp-2010.mtx,v4,pthreads,16,0.061449
./data/dblp-2010.mtx,v4,pthreads,20,0.058263
./data/NACA0015.mtx,v4,pthreads,1,0.629137
./data/NACA0015.mtx,v4,pthreads,2,0.312529
./data/NACA0015.mtx,v4,pthreads,4,0.210313
./data/NACA0015.mtx,v4,pthreads,8,0.184609
./data/NACA0015.mtx,v4,pthreads,16,0.189178
./data/NACA0015.mtx,v4,pthreads,20,0.185710
./data/belgium_osm.mtx,v4,pthreads,1,0.058976
./data/belgium_osm.mtx,v4,pthreads,2,0.138653
./data/belgium_osm.mtx,v4,pthreads,4,0.144369
./data/belgium_osm.mtx,v4,pthreads,8,0.191644
./data/belgium_osm.mtx,v4,pthreads,16,0.183873
./data/belgium_osm.mtx,v4,pthreads,20,0.182683
./data/com-Youtube.mtx,v4,pthreads,1,4.043681
./data/com-Youtube.mtx,v4,pthreads,2,2.146296
./data/com-Youtube.mtx,v4,pthreads,4,1.345359
./data/com-Youtube.mtx,v4,pthreads,8,0.905205
./data/com-Youtube.mtx,v4,pthreads,16,1.076837
./data/com-Youtube.mtx,v4,pthreads,20,1.074807
./data/mycielskian13.mtx,v4,pthreads,1,1.088252
./data/mycielskian13.mtx,v4,pthreads,2,0.544503
./data/mycielskian13.mtx,v4,pthreads,4,0.450599
./data/mycielskian13.mtx,v4,pthreads,8,0.238240
./data/mycielskian13.mtx,v4,pthreads,16,0.246827
./data/mycielskian13.mtx,v4,pthreads,20,0.234717
./data/dblp-2010.mtx,v4,pthreads,1,0.110565
./data/dblp-2010.mtx,v4,pthreads,2,0.077330
./data/dblp-2010.mtx,v4,pthreads,4,0.058540
./data/dblp-2010.mtx,v4,pthreads,8,0.057724
./data/dblp-2010.mtx,v4,pthreads,16,0.057293
./data/dblp-2010.mtx,v4,pthreads,20,0.062436
./data/NACA0015.mtx,v4,pthreads,1,0.519644
./data/NACA0015.mtx,v4,pthreads,2,0.304934
./data/NACA0015.mtx,v4,pthreads,4,0.234140
./data/NACA0015.mtx,v4,pthreads,8,0.197704
./data/NACA0015.mtx,v4,pthreads,16,0.194334
./data/NACA0015.mtx,v4,pthreads,20,0.207517
./data/belgium_osm.mtx,v4,pthreads,1,0.072254
./data/belgium_osm.mtx,v4,pthreads,2,0.144883
./data/belgium_osm.mtx,v4,pthreads,4,0.151597
./data/belgium_osm.mtx,v4,pthreads,8,0.182724
./data/belgium_osm.mtx,v4,pthreads,16,0.185066
./data/belgium_osm.mtx,v4,pthreads,20,0.183255
./data/com-Youtube.mtx,v4,pthreads,1,4.343000
./data/com-Youtube.mtx,v4,pthreads,2,2.078261
./data/com-Youtube.mtx,v4,pthreads,4,1.111121
./data/com-Youtube.mtx,v4,pthreads,8,1.045299
./data/com-Youtube.mtx,v4,pthreads,16,0.974994
./data/com-Youtube.mtx,v4,pthreads,20,1.053924
./data/mycielskian13.mtx,v4,pthreads,1,1.101238
./data/mycielskian13.mtx,v4,pthreads,2,0.536304
./data/mycielskian13.mtx,v4,pthreads,4,0.274942
./data/mycielskian13.mtx,v4,pthreads,8,0.249083
./data/mycielskian13.mtx,v4,pthreads,16,0.245517
./data/mycielskian13.mtx,v4,pthreads,20,0.230787
./data/dblp-2010.mtx,v4,pthreads,1,0.111710
./data/dblp-2010.mtx,v4,pthreads,2,0.074821
./data/dblp-2010.mtx,v4,pthreads,4,0.055985
./data/dblp-2010.mtx,v4,pthreads,8,0.058218
./data/dblp-2010.mtx,v4,pthreads,16,0.057762
./data/dblp-2010.mtx,v4,pthreads,20,0.057486
./data/NACA0015.mtx,v4,pthreads,1,0.540629
./data/NACA0015.mtx,v4,pthreads,2,0.351173
./data/NACA0015.mtx,v4,pthreads,4,0.216358
./data/NACA0015.mtx,v4,pthreads,8,0.191991
./data/NACA0015.mtx,v4,pthreads,16,0.195133
./data/NACA0015.mtx,v4,pthreads,20,0.187728
./data/belgium_osm.mtx,v4,pthreads,1,0.062826
./data/belgium_osm.mtx,v4,pthreads,2,0.169394
./data/belgium_osm.mtx,v4,pthreads,4,0.153033
./data/belgium_osm.mtx,v4,pthreads,8,0.186435
./data/belgium_osm.mtx,v4,pthreads,16,0.189135
./data/belgium_osm.mtx,v4,pthreads,20,0.183580
./data/com-Youtube.mtx,v4,pthreads,1,3.957819
./data/com-Youtube.mtx,v4,pthreads,2,2.049958
./data/com-Youtube.mtx,v4,pthreads,4,1.075905
./data/com-Youtube.mtx,v4,pthreads,8,0.945191
./data/com-Youtube.mtx,v4,pthreads,16,0.997722
./data/com-Youtube.mtx,v4,pthreads,20,1.217707
./data/mycielskian13.mtx,v4,pthreads,1,1.124182
./data/mycielskian13.mtx,v4,pthreads,2,0.544063
./data/mycielskian13.mtx,v4,pthreads,4,0.270801
./data/mycielskian13.mtx,v4,pthreads,8,0.233241
./data/mycielskian13.mtx,v4,pthreads,16,0.237997
./data/mycielskian13.mtx,v4,pthreads,20,0.233695
./data/dblp-2010.mtx,v4,pthreads,1,0.110332
./data/dblp-2010.mtx,v4,pthreads,2,0.075323
./data/dblp-2010.mtx,v4,pthreads,4,0.056431
./data/dblp-2010.mtx,v4,pthreads,8,0.057974
./data/dblp-2010.mtx,v4,pthreads,16,0.057623
./data/dblp-2010.mtx,v4,pthreads,20,0.057484
./data/NACA0015.mtx,v4,pthreads,1,0.505247
./data/NACA0015.mtx,v4,pthreads,2,0.325157
./data/NACA0015.mtx,v4,pthreads,4,0.228963
./data/NACA0015.mtx,v4,pthreads,8,0.196155
./data/NACA0015.mtx,v4,pthreads,16,0.198207
./data/NACA0015.mtx,v4,pthreads,20,0.194487
dataset,version,library,threads,time
./data/belgium_osm.mtx,v3,openmp,1,0.041610
./data/belgium_osm.mtx,v4,openmp,1,0.067800
./data/belgium_osm.mtx,v3,openmp,2,0.047685
./data/belgium_osm.mtx,v4,openmp,2,0.068331
./data/belgium_osm.mtx,v3,openmp,4,0.041290
./data/belgium_osm.mtx,v4,openmp,4,0.050116
./data/belgium_osm.mtx,v3,openmp,8,0.032945
./data/belgium_osm.mtx,v4,openmp,8,0.039033
./data/belgium_osm.mtx,v3,openmp,16,0.033003
./data/belgium_osm.mtx,v4,openmp,16,0.038894
./data/belgium_osm.mtx,v3,openmp,20,0.032936
./data/belgium_osm.mtx,v4,openmp,20,0.038620
./data/com-Youtube.mtx,v3,openmp,1,7.042837
./data/com-Youtube.mtx,v4,openmp,1,3.962269
./data/com-Youtube.mtx,v3,openmp,2,3.592025
./data/com-Youtube.mtx,v4,openmp,2,2.058891
./data/com-Youtube.mtx,v3,openmp,4,2.204053
./data/com-Youtube.mtx,v4,openmp,4,1.056962
./data/com-Youtube.mtx,v3,openmp,8,2.058723
./data/com-Youtube.mtx,v4,openmp,8,0.932031
./data/com-Youtube.mtx,v3,openmp,16,2.446450
./data/com-Youtube.mtx,v4,openmp,16,0.965587
./data/com-Youtube.mtx,v3,openmp,20,2.260022
./data/com-Youtube.mtx,v4,openmp,20,0.866717
./data/mycielskian13.mtx,v3,openmp,1,2.338556
./data/mycielskian13.mtx,v4,openmp,1,1.083527
dataset,version,library,threads,time
./data/belgium_osm.mtx,v3,openmp,1,0.039649
./data/belgium_osm.mtx,v4,openmp,1,0.067305
./data/belgium_osm.mtx,v3,openmp,2,0.045827
./data/belgium_osm.mtx,v4,openmp,2,0.069840
./data/belgium_osm.mtx,v3,openmp,4,0.039011
./data/belgium_osm.mtx,v4,openmp,4,0.046156
./data/belgium_osm.mtx,v3,openmp,8,0.032471
./data/belgium_osm.mtx,v4,openmp,8,0.039695
./data/belgium_osm.mtx,v3,openmp,16,0.032408
./data/belgium_osm.mtx,v4,openmp,16,0.038074
./data/belgium_osm.mtx,v3,openmp,20,0.032822
./data/belgium_osm.mtx,v4,openmp,20,0.038745
./data/com-Youtube.mtx,v3,openmp,1,6.962395
./data/com-Youtube.mtx,v4,openmp,1,3.936010
./data/com-Youtube.mtx,v3,openmp,2,3.446088
./data/com-Youtube.mtx,v4,openmp,2,1.987881
./data/com-Youtube.mtx,v3,openmp,4,1.774164
./data/com-Youtube.mtx,v4,openmp,4,1.052189
./data/com-Youtube.mtx,v3,openmp,8,2.000593
./data/com-Youtube.mtx,v4,openmp,8,0.892167
./data/com-Youtube.mtx,v3,openmp,16,2.382483
./data/com-Youtube.mtx,v4,openmp,16,1.008914
./data/com-Youtube.mtx,v3,openmp,20,2.402895
./data/com-Youtube.mtx,v4,openmp,20,1.010915
dataset,version,library,threads,time
./data/belgium_osm.mtx,v3,openmp,1,0.038296
./data/belgium_osm.mtx,v4,openmp,1,0.052014
./data/belgium_osm.mtx,v3,openmp,2,0.044048
./data/belgium_osm.mtx,v4,openmp,2,0.026962
./data/belgium_osm.mtx,v3,openmp,4,0.043592
./data/belgium_osm.mtx,v4,openmp,4,0.014218
./data/belgium_osm.mtx,v3,openmp,8,0.034366
./data/belgium_osm.mtx,v4,openmp,8,0.010036
./data/belgium_osm.mtx,v3,openmp,16,0.032523
./data/belgium_osm.mtx,v4,openmp,16,0.013968
./data/belgium_osm.mtx,v3,openmp,20,0.032449
./data/belgium_osm.mtx,v4,openmp,20,0.014616
./data/com-Youtube.mtx,v3,openmp,1,7.035006
./data/com-Youtube.mtx,v4,openmp,1,3.848709
./data/com-Youtube.mtx,v3,openmp,2,3.493035
./data/com-Youtube.mtx,v4,openmp,2,2.201910
./data/com-Youtube.mtx,v3,openmp,4,1.763965
./data/com-Youtube.mtx,v4,openmp,4,1.271265
./data/com-Youtube.mtx,v3,openmp,8,1.995836
./data/com-Youtube.mtx,v4,openmp,8,1.325255
